sequence;organism;picked
IEPIIESIESGWTGILK;Saccharomyces cerevisiae;FALSE
LEDNTDLEDISHNYR;Saccharomyces cerevisiae;TRUE
VLELLVTSAANATDPIK;Saccharomyces cerevisiae;FALSE
ASQTVDQNTSIYYR;Saccharomyces cerevisiae;TRUE
LAYLAQFVSQIDR;Saccharomyces cerevisiae;FALSE
EVIHNLAQVAHCQAQGK;Saccharomyces cerevisiae;FALSE
LHETHDDYSDQIFESLER;Saccharomyces cerevisiae;FALSE
LSLGLQPGELQYLR;Saccharomyces cerevisiae;FALSE
IVPLTEGDIQVLK;Saccharomyces cerevisiae;FALSE
LTALQTDLTSLHQGDNGQYAR;Saccharomyces cerevisiae;FALSE
TLAHDVVLDVENDHDSK;Saccharomyces cerevisiae;FALSE
INPSQQLQQQLNR;Saccharomyces cerevisiae;TRUE
SDNLSQHIK;Saccharomyces cerevisiae;TRUE
MPQQAYIDDPAR;Saccharomyces cerevisiae;FALSE
NTDFNGVNNIHQK;Saccharomyces cerevisiae;TRUE
APIYGTQNVYEVLDK;Saccharomyces cerevisiae;TRUE
SSSESGFYDAESLK;Saccharomyces cerevisiae;TRUE
SVDTLLIPGPIILSGAVQK;Saccharomyces cerevisiae;FALSE
SYGAQVDVVRPLK;Saccharomyces cerevisiae;TRUE
KPSADSTEATQQHLK;Saccharomyces cerevisiae;FALSE
YFDPIFEDLVTLSPR;Saccharomyces cerevisiae;FALSE
LPPGFEIVQALSK;Saccharomyces cerevisiae;TRUE
HAEILSEK;Saccharomyces cerevisiae;TRUE
IYFHTDAAQAYGK;Saccharomyces cerevisiae;TRUE
WIQDADALFGER;Saccharomyces cerevisiae;FALSE
VLDQLLLPYTTK;Saccharomyces cerevisiae;TRUE
ANLIPVIAK;Saccharomyces cerevisiae;TRUE
TGAPVYSTFYIFR;Saccharomyces cerevisiae;TRUE
SASIASHNDALFAAVK;Saccharomyces cerevisiae;FALSE
GDLAQILQLTR;Saccharomyces cerevisiae;TRUE
HGVAAITTTK;Saccharomyces cerevisiae;TRUE
VNPETGIIDYDTLEK;Saccharomyces cerevisiae;TRUE
WNNGVLDSFLVEITR;Saccharomyces cerevisiae;FALSE
ALLPHLTNAIVETNK;Saccharomyces cerevisiae;TRUE
DAFLEATSEDEIISR;Saccharomyces cerevisiae;FALSE
AVLEFTPETPSPLIGILENK;Saccharomyces cerevisiae;FALSE
AEVAALAAENK;Saccharomyces cerevisiae;TRUE
NAVSTKPTPPPAPEASAESGLSSK;Saccharomyces cerevisiae;FALSE
GWSAEGGTNIGTAR;Saccharomyces cerevisiae;FALSE
AIDYVEATANSHSR;Saccharomyces cerevisiae;TRUE
YGGHSMSDPGTTYR;Saccharomyces cerevisiae;TRUE
LSILFEDVYVK;Saccharomyces cerevisiae;FALSE
GPLVLEYETYR;Saccharomyces cerevisiae;FALSE
KGSMADVPK;Saccharomyces cerevisiae;FALSE
TTQNPDELWEFIADSLK;Saccharomyces cerevisiae;FALSE
GSMADVPK;Saccharomyces cerevisiae;TRUE
HFISELEK;Saccharomyces cerevisiae;TRUE
ESGDFLAIDLGGTNLR;Saccharomyces cerevisiae;FALSE
IVPAEDGSGAGAAVIAALAQK;Saccharomyces cerevisiae;FALSE
LTPLLTPPSDLTAEELK;Saccharomyces cerevisiae;TRUE
LWGATIGDQSMELR;Saccharomyces cerevisiae;TRUE
GMGDVVAVTGDGTNDAPALK;Saccharomyces cerevisiae;TRUE
VSPTDIEEGMR;Saccharomyces cerevisiae;TRUE
TAPPLQSLKPDEVTEDISLIR;Saccharomyces cerevisiae;FALSE
DTTAGLEEDIGAER;Saccharomyces cerevisiae;FALSE
LGGSSLLECVVFGK;Saccharomyces cerevisiae;FALSE
EYTEGVNGQPSIR;Saccharomyces cerevisiae;TRUE
FSTEEEVDYVVK;Saccharomyces cerevisiae;TRUE
IVTEAVEIEQR;Saccharomyces cerevisiae;TRUE
YVPIHTIDDGYSVIK;Saccharomyces cerevisiae;TRUE
ADTLTAQELQQFK;Saccharomyces cerevisiae;TRUE
LTILEELR;Saccharomyces cerevisiae;TRUE
LGDASCAAPFTSK;Saccharomyces cerevisiae;FALSE
ELGQSGVDTYLQTK;Saccharomyces cerevisiae;TRUE
AIPGEYITYALSGYVR;Saccharomyces cerevisiae;FALSE
ELASGLSFPVGFK;Saccharomyces cerevisiae;TRUE
VLVAGTSAYCR;Saccharomyces cerevisiae;FALSE
GILFVGSGVSGGEEGAR;Saccharomyces cerevisiae;TRUE
LVEDPQVIAPFLGK;Saccharomyces cerevisiae;TRUE
GISNEGQNASIK;Saccharomyces cerevisiae;TRUE
GAIAAAHYIR;Saccharomyces cerevisiae;TRUE
TEVITHANLVR;Leptospira interrogans;TRUE
LTLVEAADLVK;Leptospira interrogans;TRUE
TFDLGEVGR;Leptospira interrogans;TRUE
ITNLDYLPNLIQIQK;Leptospira interrogans;FALSE
FATSDLNDLYR;Leptospira interrogans;TRUE
VATAVFNNPAGLDK;Leptospira interrogans;TRUE
ENIGGVNPQQVGLGSLIAAIDK;Leptospira interrogans;FALSE
ILEVPVGPELLGR;Leptospira interrogans;TRUE
TSIALDTILNQK;Leptospira interrogans;TRUE
FSQAGSEVSALLGR;Leptospira interrogans;TRUE
TGGDEFDEAIIK;Leptospira interrogans;TRUE
GIVLTGGGCLLR;Leptospira interrogans;FALSE
AVTAAVESIQK;Leptospira interrogans;TRUE
VEDALSATR;Leptospira interrogans;FALSE
ESDILAVVK;Leptospira interrogans;TRUE
VGDTVLYGK;Leptospira interrogans;TRUE
IISDFEEDLEK;Leptospira interrogans;TRUE
GFTPDGPAGTEPNIAPGYK;Leptospira interrogans;TRUE
LLEEVSFEGPDLPESQR;Leptospira interrogans;FALSE
IVEIYGPESSGK;Leptospira interrogans;TRUE
ANLGAYFNR;Leptospira interrogans;TRUE
VLAIQSSNGIYSAEDR;Leptospira interrogans;FALSE
IFLWGPVTDESSK;Leptospira interrogans;TRUE
IAEVFEELTGSK;Leptospira interrogans;TRUE
LNQILADACGHPISK;Leptospira interrogans;FALSE
AVDLIDEASSK;Leptospira interrogans;TRUE
IADIQLEGLR;Leptospira interrogans;TRUE
EFLINQNILR;Leptospira interrogans;TRUE
ILELPTEVDSEK;Leptospira interrogans;TRUE
DVQVQLEK;Leptospira interrogans;FALSE
FSFNALSVVGDQR;Leptospira interrogans;FALSE
EFFDTSFK;Leptospira interrogans;FALSE
AIAEEVPK;Leptospira interrogans;TRUE
GDETIVNLIHSTR;Mus musculus;TRUE
LEDSTAPIR;Mus musculus;TRUE
HQDQTLR;Mus musculus;TRUE
GSDYSEILDK;Mus musculus;TRUE
LNTIYQNDLTK;Mus musculus;TRUE
IQTSDVTNK;Mus musculus;TRUE
DSSSSNVEGR;Mus musculus;TRUE
SWATGSPDSSNR;Mus musculus;TRUE
DPSTALDR;Mus musculus;TRUE
SVLEDTTSYEEAK;Mus musculus;TRUE
DAVNDITAK;Mus musculus;TRUE
ADSTGTLVITDPTR;Mus musculus;TRUE
DLGPALADSSHDVK;Mus musculus;TRUE
VYVYAVDQTR;Mus musculus;TRUE
ALGYEDATQALGR;Mus musculus;TRUE
APIPTALDTDSSK;Mus musculus;TRUE
VAGDQTSAVLR;Mus musculus;TRUE
YTSDPDVTSVGPSK;Mus musculus;TRUE
DITAFDETLFR;Mus musculus;TRUE
GVVDSDDLPLDVSR;Mus musculus;TRUE
FIDSTFLEQK;Mus musculus;TRUE
SIDVTGQGFSLIQK;Mus musculus;TRUE
LHEISDETFR;Mus musculus;TRUE
DATLVNEADK;Mus musculus;TRUE
FLEPYDDSIQAQK;Mus musculus;TRUE
LDGSITSPGWPK;Mus musculus;TRUE
LGGWDITGPWAK;Mus musculus;TRUE
YAVYWDSSNPR;Mus musculus;TRUE
TASVSIDQTEPPK;Mus musculus;TRUE
GDSSLLLAVTEVK;Mus musculus;TRUE
DLQADDTGR;Mus musculus;TRUE
WTGHDVTVVQR;Mus musculus;TRUE
DGDDEWTSVVVADVSK;Mus musculus;FALSE
IDDLTGELSTSER;Mus musculus;TRUE
LELNGNDITR;Mus musculus;TRUE
YHVLHIDTTK;Mus musculus;FALSE
FINYDQTVSR;Mus musculus;TRUE
FWLVEGDSSR;Mus musculus;TRUE
IVDVDLTSEGK;Mus musculus;TRUE
LAWEGDETVTTR;Mus musculus;TRUE
NDVTEIQGIPGAASGLIK;Mus musculus;TRUE
ITVDDSDQGANAK;Mus musculus;TRUE
VNIQGDGTLSASQK;Mus musculus;TRUE
IDSSVTDVEEIIGVR;Mus musculus;TRUE
LDLSEGEVAATVK;Mus musculus;TRUE
TGDGSDVTSDFTK;Mus musculus;TRUE
TDSTQVSDVR;Mus musculus;TRUE
IIAADNSGTFK;Mus musculus;TRUE
FDTHEYHDESR;Mus musculus;TRUE
YSQAADSTK;Mus musculus;TRUE
GIADLSNFIR;Mus musculus;TRUE
FLDDTYK;Mus musculus;TRUE
IDTTSDEK;Mus musculus;TRUE
LTDVEAQVLDQTTR;Homo sapiens/Mus musculus;TRUE
AIATDTVADLSR;Homo sapiens;FALSE
AAPIYELVTNDQTQR;Homo sapiens;TRUE
ASPIYELVTNDQTQR;Mus musculus;TRUE
GVGIISEGDETVEDIAAR;Homo sapiens/Mus musculus;TRUE
LDASLPALLLIR;Homo sapiens/Mus musculus;TRUE
TQDFTLLVQGSPELK;Homo sapiens;FALSE
TSDTGEEEAITDSTEANGK;Mus musculus;TRUE
TFADGSLAFR;Homo sapiens;TRUE
AGPDGTLFVVDAYK;Mus musculus;TRUE
SDSSDTPPLPSPPGK;Mus musculus;TRUE
GAQEDGTGQATSR;Homo sapiens/Mus musculus;TRUE
NDHTASILDR;Homo sapiens;TRUE
DYTADATSSR;Mus musculus;TRUE
IFNIDSGDGSIFTSK;Homo sapiens/Mus musculus;TRUE
DGEAFEIDGTEDGR;Homo sapiens;TRUE
DYYPIDESLASLPLR;Homo sapiens/Mus musculus;FALSE
FANEYPDITR;Homo sapiens/Mus musculus;FALSE
NFPDAFEYNDVSR;Homo sapiens;TRUE
AEFAVADDTGFVDIPQQEK;Mus musculus;FALSE
ADLSQVADHLDHIK;Homo sapiens;TRUE
YVQDGTYTAK;Mus musculus;TRUE
LLPAFDTTSGLPYPR;Homo sapiens/Mus musculus;TRUE
LLDLTSPEATAK;Mus musculus;TRUE
EDNTGVVSQTFK;Homo sapiens;TRUE
EDNTGVVSQTFR;Mus musculus;TRUE
ELSEYDATAIK;Homo sapiens/Mus musculus;TRUE
LGAIDSTLSDQSK;Homo sapiens;TRUE
LGAIDSTLSDESK;Mus musculus;TRUE
HIEVDGSK;Homo sapiens/Mus musculus;TRUE
GVFITDETGQPLIGK;Homo sapiens/Mus musculus;TRUE
IQDFDYTDHTLGR;Homo sapiens/Mus musculus;TRUE
TALWVATDHNTDDTSAILR;Mus musculus;FALSE
YYDYTLSINGK;Homo sapiens/Mus musculus;TRUE
DAGVGFPEYQEEDDSTYNFR;Homo sapiens/Mus musculus;FALSE
GLSPGDYSVR;Homo sapiens/Mus musculus;TRUE
NTDSSNDLTR;Mus musculus;TRUE
VYVYALDQTR;Homo sapiens;TRUE
LWDSTFLEEYSK;Homo sapiens/Mus musculus;TRUE
ADHSGAVVLLK;Homo sapiens/Mus musculus;TRUE
EDQTLHYDFR;Mus musculus;TRUE
EDTSDPSLVIAFGR;Homo sapiens;TRUE
GHTLTLDFTR;Homo sapiens;TRUE
DATIQAYLSSGDFSK;Mus musculus;FALSE
GFDATYHVR;Homo sapiens/Mus musculus;TRUE
WVSLDDWTYSK;Homo sapiens;TRUE
IPFDLSEWQK;Mus musculus;TRUE
NSDVTINTLK;Mus musculus;TRUE
QNLESDLTNLIK;Homo sapiens/Mus musculus;TRUE
EIFVVDGTQGK;Mus musculus;TRUE
LEDITTGTYTIHAQK;Homo sapiens/Mus musculus;TRUE
LTDVTFPTGQVSSFR;Homo sapiens/Mus musculus;TRUE
AAEDFTLLVK;Homo sapiens/Mus musculus;TRUE
GVAVTDTSQLGFR;Mus musculus;TRUE
HPDAVAWADLTNAIR;Homo sapiens;FALSE
WSYVAYDESDK;Mus musculus;TRUE
FSGVDDTDFR;Homo sapiens;TRUE
FSGADDTDFR;Mus musculus;TRUE
GSPADVTEAR;Mus musculus;TRUE
DAALQDVSDSEK;Mus musculus;TRUE
YILAQYDTTK;Homo sapiens;FALSE
TYVEVVHQSVAQDSTQK;Homo sapiens;TRUE
TYVEVVHQSVAPDSTQK;Mus musculus;TRUE
VSANVQDVTTEDVEK;Homo sapiens;TRUE
NPDGTVTVISR;Homo sapiens/Mus musculus;TRUE
WQDDTGPSDK;Mus musculus;TRUE
ANIQFGDDGTTISAVSNK;Homo sapiens;TRUE
DQSVGDPNVDLIR;Mus musculus;TRUE
EASIVGEDETYPR;Homo sapiens;TRUE
EATIVGEDETYPR;Mus musculus;TRUE
IDSSLQLPDR;Homo sapiens/Mus musculus;TRUE
DFVDASSK;Homo sapiens/Mus musculus;TRUE
FGHFTGFDSSTLK;Homo sapiens;TRUE
HGHFTGFDGSTLR;Mus musculus;FALSE
VIEEFYDQTWNHR;Mus musculus;TRUE
YGEDDSLSVEGFR;Mus musculus;TRUE
SDESVSEPR;Mus musculus;TRUE
GIGDWSDSK;Homo sapiens/Mus musculus;TRUE
DITDLIDNTFIR;Homo sapiens;FALSE
LADNTHQHVFDDLR;Homo sapiens;TRUE
DITNLIDNTFIR;Mus musculus;FALSE
SQFVVSSDSSK;Mus musculus;TRUE
DSTIEAANLAGLK;Homo sapiens;TRUE
DSTIQAANLAGLK;Mus musculus;TRUE
FVDSTGYLTEAEK;Homo sapiens/Mus musculus;TRUE
LIDSTFLHNK;Homo sapiens;FALSE
LVDSTFLHNK;Mus musculus;FALSE
LSITDETFR;Homo sapiens/Mus musculus;TRUE
IIFADVSVR;Homo sapiens/Mus musculus;TRUE
TTDASASDPR;Mus musculus;TRUE
VDITYNYPVR;Homo sapiens/Mus musculus;TRUE
DISSQEGSTDVVAR;Mus musculus;TRUE
HLDSSHPR;Homo sapiens;TRUE
TYDGTNSDAASR;Mus musculus;TRUE
ILDETLYENAK;Mus musculus;TRUE
VDLSAPLLPK;Homo sapiens/Mus musculus;TRUE
HFDTSLVFPR;Homo sapiens/Mus musculus;TRUE
TYEDGSSVEYR;Mus musculus;TRUE
GHFYYDISDVR;Mus musculus;TRUE
DGDGSESIHVGGK;Mus musculus;TRUE
ADDYTYEHLR;Mus musculus;TRUE
LTYESGFLDYSK;Mus musculus;TRUE
AITTQNVNTK;Mus musculus;TRUE
ALHFYTFPK;Mus musculus;TRUE
DHQYQFLEDAVR;Mus musculus;TRUE
DSGDVAALR;Mus musculus;TRUE
DYFAEVR;Mus musculus;TRUE
EGLPAGQAPSLLYR;Mus musculus;TRUE
GDLFTQQQLEVLDR;Mus musculus;TRUE
GDVQAVAYEEPK;Mus musculus;TRUE
GLSIEQLTTLAEK;Mus musculus;TRUE
HVDYITEK;Mus musculus;TRUE
HVSVDVFGR;Mus musculus;TRUE
IAGFDSIFK;Mus musculus;TRUE
LAFEPPPPR;Mus musculus;TRUE
MDVSGQETDWR;Mus musculus;TRUE
MIVDPVEPHGEMK;Mus musculus;TRUE
QEPAAPSLSPAVSAK;Mus musculus;TRUE
SDLGVHLR;Mus musculus;TRUE
SGEGEVSGLLR;Mus musculus;TRUE
SGVISGGASDLK;Mus musculus;TRUE
TALFEEISR;Mus musculus;TRUE
TGQLDELEK;Mus musculus;TRUE
VESPVLPPVLVPK;Mus musculus;TRUE
VHQLLPLPK;Mus musculus;TRUE
VIVGGSSEYK;Mus musculus;TRUE
AAVPVLVHPAPR;Mycobacterium tuberculosis;TRUE
ADLPAFAELLAR;Mycobacterium tuberculosis;TRUE
AGVTLYLTGAR;Mycobacterium tuberculosis;FALSE
ALHAAADELLAHR;Mycobacterium tuberculosis;FALSE
ALLASYHR;Mycobacterium tuberculosis;TRUE
DFDSLGTLR;Mycobacterium tuberculosis;TRUE
EIELEDPYEK;Mycobacterium tuberculosis;TRUE
ELSAHGIR;Mycobacterium tuberculosis;TRUE
ESAPVDVTDR;Mycobacterium tuberculosis;TRUE
GENIPEPGIPESFK;Mycobacterium tuberculosis;TRUE
GTLGLTVAEPIK;Mycobacterium tuberculosis;TRUE
GVTEETTTGVLR;Mycobacterium tuberculosis;TRUE
HGVITSADVR;Mycobacterium tuberculosis;TRUE
IDTPGEADYYR;Mycobacterium tuberculosis;TRUE
IPVDSIYSPVLK;Mycobacterium tuberculosis;TRUE
ISSLPDLLPLLEK;Mycobacterium tuberculosis;FALSE
LDDLAAALPR;Mycobacterium tuberculosis;TRUE
SEFAYGSFVR;Mycobacterium tuberculosis;TRUE
SGTTEPDAGLTER;Mycobacterium tuberculosis;TRUE
TIVGVSEDFAALR;Mycobacterium tuberculosis;TRUE
TTEEFSIR;Mycobacterium tuberculosis;TRUE
TVADVDSLLR;Mycobacterium tuberculosis;TRUE
VAVITGGGR;Mycobacterium tuberculosis;FALSE
VSALLEALPK;Mycobacterium tuberculosis;TRUE
VSSGINPDIELNR;Mycobacterium tuberculosis;TRUE
VTADDVYR;Mycobacterium tuberculosis;FALSE
VTGPVVDVEFPR;Mycobacterium tuberculosis;TRUE
YFNDGDIVEGTIVK;Mycobacterium tuberculosis;TRUE
IPSTLLGLLSEIPR;Mycobacterium tuberculosis;FALSE
YPDHYEVER;Mycobacterium tuberculosis;TRUE
VGGHAFVIDGADGR;Streptococcus pyogenes;TRUE
VPVPTGSVTELVVTLDK;Streptococcus pyogenes;FALSE
AAGASAQVLGQEGK;Streptococcus pyogenes;TRUE
GLVTAVGDEGGFAPK;Streptococcus pyogenes;TRUE
ESDIIAIVTK;Streptococcus pyogenes;TRUE
VDPGQVISVR;Streptococcus pyogenes;TRUE
NAAEIQDFPFDK;Streptococcus pyogenes;TRUE
IGVISVVEGGDDALAK;Streptococcus pyogenes;TRUE
QAQELADLTK;Streptococcus pyogenes;TRUE
LAEEDPTFR;Streptococcus pyogenes;TRUE
VVDGEEVTEYTTK;Streptococcus pyogenes;TRUE
GIAASDGVAVAK;Streptococcus pyogenes;TRUE
FTQAGSEVSALLGR;Streptococcus pyogenes;FALSE
DTNYIALASNAVR;Streptococcus pyogenes;TRUE
LIDALESDDDVQK;Streptococcus pyogenes;TRUE
TPLLEALSEADNVLR;Streptococcus pyogenes;FALSE
EAVEGAVDAVK;Streptococcus pyogenes;TRUE
EGQLEITSTANQDTPISEGK;Streptococcus pyogenes;FALSE
VAAQELANADK;Streptococcus pyogenes;TRUE
GITLTNEEFK;Streptococcus pyogenes;TRUE
LGINPLEHDIR;Streptococcus pyogenes;FALSE
APQALDILER;Streptococcus pyogenes;TRUE
VVLTGTDAENIVR;Streptococcus pyogenes;TRUE
LFAPEVQKPVK;Streptococcus pyogenes;TRUE
LVDEEGNDVTPEK;Streptococcus pyogenes;TRUE
VGGPADFLAFPR;Streptococcus pyogenes;TRUE
LITVEGPDGAGK;Streptococcus pyogenes;TRUE
EAQLLFDPVTR;Streptococcus pyogenes;TRUE
LGQHLATEPLGTNSWER;Homo sapiens;TRUE
FAQHGTFEYEYSQR;Homo sapiens;FALSE
GLPITITESDIR;Homo sapiens;TRUE
HDWDSFFR;Homo sapiens;TRUE
EAQISSAIVSSVQSK;Homo sapiens;TRUE
DGQCTLVSSLDSTLR;Homo sapiens;FALSE
EASGLSADSLAR;Homo sapiens;TRUE
TPEVSFLPEEATEEAGVR;Homo sapiens;TRUE
APPPGGWPLQPR;Homo sapiens;TRUE
YTDLNSNDVTGLR;Homo sapiens;TRUE
YGPLSGVNVVYDQR;Homo sapiens;TRUE
SDSYVELSQYR;Homo sapiens;TRUE
VGEPVALSEEER;Homo sapiens;TRUE
AFSYYGPLR;Homo sapiens;TRUE
CNNVLYIR;Homo sapiens;FALSE
AFGYYGPLR;Homo sapiens;TRUE
EVSSATNALR;Homo sapiens;TRUE
LFIGGLNTETNEK;Homo sapiens;TRUE
EPVQLETLSIR;Homo sapiens;TRUE
SSGPTSLFAVTVAPPGAR;Homo sapiens;TRUE
FVINYDYPNSSEDYIHR;Homo sapiens;FALSE
NNTQVLINCR;Homo sapiens;FALSE
GFAFVQYVNER;Homo sapiens;TRUE
VAQLEQVYIR;Homo sapiens;TRUE
GGNFGFGDSR;Homo sapiens;TRUE
AQAANQQTVEAK;Mycoplasma pneumoniae;TRUE
AQLTVSSER;Mycoplasma pneumoniae;TRUE
DFHFPSQSVSFK;Mycoplasma pneumoniae;TRUE
DPSEYFPNK;Mycoplasma pneumoniae;TRUE
EGYLANFQVLENK;Mycoplasma pneumoniae;TRUE
EIAGVGLMEAK;Mycoplasma pneumoniae;TRUE
EIFEEGYEDLSNK;Mycoplasma pneumoniae;TRUE
EINLDNLGNVYSQADR;Mycoplasma pneumoniae;TRUE
EVAQNNGQILFVGTK;Mycoplasma pneumoniae;TRUE
GAFVDAHLLK;Mycoplasma pneumoniae;TRUE
GFDVTLVTSTNK;Mycoplasma pneumoniae;TRUE
GNSYVAFGEYGLVATK;Mycoplasma pneumoniae;FALSE
GSIYHEVIGR;Mycoplasma pneumoniae;TRUE
GTLDTVGVEK;Mycoplasma pneumoniae;TRUE
HLSEIGAWR;Mycoplasma pneumoniae;TRUE
HNDLEAYR;Mycoplasma pneumoniae;TRUE
IALTTTMGPSLK;Mycoplasma pneumoniae;TRUE
IDGSFETEPVK;Mycoplasma pneumoniae;TRUE
IGAPYLEK;Mycoplasma pneumoniae;TRUE
IPVGVTLR;Mycoplasma pneumoniae;TRUE
LTNVVFDTGGSK;Mycoplasma pneumoniae;TRUE
LVDLNANTVEAALK;Mycoplasma pneumoniae;TRUE
NDDLELALK;Mycoplasma pneumoniae;TRUE
NTEITISGISK;Mycoplasma pneumoniae;TRUE
SFANAGLSITEINEK;Mycoplasma pneumoniae;TRUE
SGIHTLQELLSK;Mycoplasma pneumoniae;TRUE
TPAHILHPQK;Mycoplasma pneumoniae;TRUE
TVLPDPVFNNTLVTR;Mycoplasma pneumoniae;TRUE
YIALIGHLNPALK;Mycoplasma pneumoniae;FALSE
YQAHNEGEVLAK;Mycoplasma pneumoniae;FALSE
YTIGPILDPETK;Mycoplasma pneumoniae;TRUE
YVILQLLSGETR;Mycoplasma pneumoniae;TRUE
IGAVVAPHYSPTLSIR;Schizosaccharomyces pombe;TRUE
WQQGGLIGSGSFGTVYR;Schizosaccharomyces pombe;FALSE
SNSYFFQNPPK;Schizosaccharomyces pombe;TRUE
TPGDFTFENAEK;Schizosaccharomyces pombe;TRUE
LGANFEQIPVNSPK;Schizosaccharomyces pombe;TRUE
TVLAQVNNPFIVPLK;Schizosaccharomyces pombe;TRUE
NYGVTFPVLAK;Schizosaccharomyces pombe;TRUE
LPSEEIALDLISK;Schizosaccharomyces pombe;TRUE
LQLLLSQLQQEAFR;Schizosaccharomyces pombe;FALSE
LTHEVADAIEK;Schizosaccharomyces pombe;TRUE
VHLVQSNHNR;Schizosaccharomyces pombe;TRUE
GSVNLSLPATLIK;Schizosaccharomyces pombe;TRUE
AASEIATAELAPTHPIR;Schizosaccharomyces pombe;TRUE
FPSPVSHADDLYGK;Schizosaccharomyces pombe;TRUE
TPAEAIYGEYVDK;Schizosaccharomyces pombe;TRUE
LGAVADTTELK;Schizosaccharomyces pombe;TRUE
IINEPTAAAIAYGLDAK;Schizosaccharomyces pombe;TRUE
TIVIHAGEDDLGK;Schizosaccharomyces pombe;TRUE
IHNEDYELAR;Schizosaccharomyces pombe;TRUE
VNSMMETMTGK;Schizosaccharomyces pombe;TRUE
IASADALSEFLK;Schizosaccharomyces pombe;TRUE
GTAVVNGAFEEIK;Schizosaccharomyces pombe;TRUE
FGTEIITETVSK;Schizosaccharomyces pombe;TRUE
STVDQIHNEMTVLER;Schizosaccharomyces pombe;TRUE
